id	url	distrito	barrio	price (€)	bedrooms	area (m2)	floor	lift	street type	street	street_number
102454804	https://www.idealista.com/inmueble/102454804/	pla-del-bon-repos-la-goleta-san-anton	san-anton	155000	2	81	2	yes	calle	 de vázquez de mella	
100346423	https://www.idealista.com/inmueble/100346423/	pla-del-bon-repos-la-goleta-san-anton	san-anton	260000	3	114	4	yes	calle	 díaz moreu	
102273818	https://www.idealista.com/inmueble/102273818/	pla-del-bon-repos-la-goleta-san-anton	san-anton	189500	3	108	1	yes			
102658333	https://www.idealista.com/inmueble/102658333/	pla-del-bon-repos-la-goleta-san-anton	san-anton	230000	2	92	1	yes			
103102912	https://www.idealista.com/inmueble/103102912/	pla-del-bon-repos-la-goleta-san-anton	san-anton	169000	3	110	1	no	calle	 díaz moreu	
102418495	https://www.idealista.com/inmueble/102418495/	pla-del-bon-repos-la-goleta-san-anton	san-anton	275000	3	168			calle	 de trafalgar	
103194077	https://www.idealista.com/inmueble/103194077/	pla-del-bon-repos-la-goleta-san-anton	san-anton	78000	2	65	5	no	calle	 sevilla	
103206746	https://www.idealista.com/inmueble/103206746/	pla-del-bon-repos-la-goleta-san-anton	san-anton	199000	3	110			calle	 de trafalgar	
101980500	https://www.idealista.com/inmueble/101980500/	pla-del-bon-repos-la-goleta-san-anton	san-anton	160000	2	85	3	no			
99580099	https://www.idealista.com/inmueble/99580099/	pla-del-bon-repos-la-goleta-san-anton	san-anton	260000	3	85	5	yes	calle	 díaz moreu	1
102100752	https://www.idealista.com/inmueble/102100752/	pla-del-bon-repos-la-goleta-san-anton	san-anton	180000	2	65	3	yes			
102929832	https://www.idealista.com/inmueble/102929832/	pla-del-bon-repos-la-goleta-san-anton	san-anton	323000	3	123		no	calle	 de trafalgar	
98904382	https://www.idealista.com/inmueble/98904382/	pla-del-bon-repos-la-goleta-san-anton	san-anton	323000	3	123	0	no	calle	 de trafalgar	555
102861987	https://www.idealista.com/inmueble/102861987/	pla-del-bon-repos-la-goleta-san-anton	san-anton	249000	3	200	2	no	calle	 del pozo	90
103317410	https://www.idealista.com/inmueble/103317410/	pla-del-bon-repos-la-goleta-san-anton	san-anton	200000	3	140	0	no	calle	 l'horta	99
103025618	https://www.idealista.com/inmueble/103025618/	pla-del-bon-repos-la-goleta-san-anton	san-anton	189900	3	114			calle	 nueva alta	43
102363050	https://www.idealista.com/inmueble/102363050/	pla-del-bon-repos-la-goleta-san-anton	san-anton	210000	2	108	3	yes			
99912152	https://www.idealista.com/inmueble/99912152/	pla-del-bon-repos-la-goleta-san-anton	san-anton	259000	2	129			calle	 pozo	
102695820	https://www.idealista.com/inmueble/102695820/	pla-del-bon-repos-la-goleta-san-anton	san-anton	210000	2	108	3	yes			
102852743	https://www.idealista.com/inmueble/102852743/	pla-del-bon-repos-la-goleta-san-anton	san-anton	260000	3	130	3	no	calle	 nueva alta	
97314819	https://www.idealista.com/inmueble/97314819/	pla-del-bon-repos-la-goleta-san-anton	san-anton	630000	3	268					
99949976	https://www.idealista.com/inmueble/99949976/	pla-del-bon-repos-la-goleta-san-anton	san-anton	94000	1	75	0	no			
102022777	https://www.idealista.com/inmueble/102022777/	pla-del-bon-repos-la-goleta-san-anton	san-anton	155000	2	60	1	no			
103172943	https://www.idealista.com/inmueble/103172943/	pla-del-bon-repos-la-goleta-san-anton	san-anton	210000	2	98	3	yes			
101971965	https://www.idealista.com/inmueble/101971965/	pla-del-bon-repos-la-goleta-san-anton	san-anton	245000	3	110	0	yes			
103285810	https://www.idealista.com/inmueble/103285810/	pla-del-bon-repos-la-goleta-san-anton	san-anton	249900	3	200	2	no	calle	 del pozo	
102841528	https://www.idealista.com/inmueble/102841528/	pla-del-bon-repos-la-goleta-san-anton	san-anton	300000	2	94			calle	 de trafalgar	
100136933	https://www.idealista.com/inmueble/100136933/	pla-del-bon-repos-la-goleta-san-anton	san-anton	155000	3	115	0	no	calle	 sevilla	
100505722	https://www.idealista.com/inmueble/100505722/	pla-del-bon-repos-la-goleta-san-anton	san-anton	244000	2	120					12
103014696	https://www.idealista.com/inmueble/103014696/	pla-del-bon-repos-la-goleta-san-anton	san-anton	178000	3	105					s/n
102228232	https://www.idealista.com/inmueble/102228232/	pla-del-bon-repos-la-goleta-san-anton	san-anton	170000	2	61	0	no	calle	 de la huerta	91
103041508	https://www.idealista.com/inmueble/103041508/	pla-del-bon-repos-la-goleta-san-anton	san-anton	269000	3	123	5	yes			
99204874	https://www.idealista.com/inmueble/99204874/	pla-del-bon-repos-la-goleta-san-anton	san-anton	199500	2	128					
103185974	https://www.idealista.com/inmueble/103185974/	pla-del-bon-repos-la-goleta-san-anton	san-anton	160000	3	115	0	yes			
102500984	https://www.idealista.com/inmueble/102500984/	pla-del-bon-repos-la-goleta-san-anton	san-anton	360000	4	85			calle	 l'horta	
102622410	https://www.idealista.com/inmueble/102622410/	pla-del-bon-repos-la-goleta-san-anton	san-anton	189000	3	85	8	yes			
94990220	https://www.idealista.com/inmueble/94990220/	pla-del-bon-repos-la-goleta-san-anton	san-anton	179000	3	81	2	no	calle	 costera de la fàbrica	
102445972	https://www.idealista.com/inmueble/102445972/	pla-del-bon-repos-la-goleta-san-anton	san-anton	178000	2	117	0	no	calle	 barrio san anton	6
102876203	https://www.idealista.com/inmueble/102876203/	pla-del-bon-repos-la-goleta-san-anton	san-anton	227000	3	100	7	yes			
95621050	https://www.idealista.com/inmueble/95621050/	pla-del-bon-repos-la-goleta-san-anton	san-anton	418500	3	285	2	yes			8
102908633	https://www.idealista.com/inmueble/102908633/	pla-del-bon-repos-la-goleta-san-anton	san-anton	209999	2	108	3	yes			
103354680	https://www.idealista.com/inmueble/103354680/	pla-del-bon-repos-la-goleta-san-anton	san-anton	175000	2	75	1	no			
102228228	https://www.idealista.com/inmueble/102228228/	pla-del-bon-repos-la-goleta-san-anton	san-anton	155000	2	60	1	no	calle	 de la huerta	91
102228207	https://www.idealista.com/inmueble/102228207/	pla-del-bon-repos-la-goleta-san-anton	san-anton	160000	2	60	0	no	calle	 de la huerta	91
102991529	https://www.idealista.com/inmueble/102991529/	pla-del-bon-repos-la-goleta-san-anton	san-anton	158000	2	60	0	no	calle	 l'horta	
95665072	https://www.idealista.com/inmueble/95665072/	pla-del-bon-repos-la-goleta-san-anton	san-anton	169000	2	84	1	yes			
102068271	https://www.idealista.com/inmueble/102068271/	pla-del-bon-repos-la-goleta-san-anton	san-anton	260000	3	114	3	yes			
95692817	https://www.idealista.com/inmueble/95692817/	pla-del-bon-repos-la-goleta-san-anton	san-anton	170000	4	140	6	yes	calle	 san vicente	
102908629	https://www.idealista.com/inmueble/102908629/	pla-del-bon-repos-la-goleta-san-anton	san-anton	205999	2	108	3	yes			
102486596	https://www.idealista.com/inmueble/102486596/	pla-del-bon-repos-la-goleta-san-anton	raval-roig-virgen-del-socorro	260000	4	118	4	yes	avenida	 de dénia	13
102019459	https://www.idealista.com/inmueble/102019459/	pla-del-bon-repos-la-goleta-san-anton	raval-roig-virgen-del-socorro	1495000	4	400	7	yes	calle	 de la virgen del socorro	61
98045364	https://www.idealista.com/inmueble/98045364/	pla-del-bon-repos-la-goleta-san-anton	raval-roig-virgen-del-socorro	290000	4	132	1	yes	calle	 virgen del socorro	79
100266921	https://www.idealista.com/inmueble/100266921/	pla-del-bon-repos-la-goleta-san-anton	raval-roig-virgen-del-socorro	360000	4	130	6	yes	calle	 virgen del socorro	
103166808	https://www.idealista.com/inmueble/103166808/	pla-del-bon-repos-la-goleta-san-anton	raval-roig-virgen-del-socorro	750000	5	210	11	yes	calle	 de la virgen del socorro	23
101961402	https://www.idealista.com/inmueble/101961402/	pla-del-bon-repos-la-goleta-san-anton	raval-roig-virgen-del-socorro	295000	3	115	1	yes			
99162270	https://www.idealista.com/inmueble/99162270/	pla-del-bon-repos-la-goleta-san-anton	raval-roig-virgen-del-socorro	194500	3	115		yes	calle	 virgen del socorro	52
103275166	https://www.idealista.com/inmueble/103275166/	pla-del-bon-repos-la-goleta-san-anton	raval-roig-virgen-del-socorro	172000	3	133	5	yes	calle	 doña violante s/n	s/n
100518722	https://www.idealista.com/inmueble/100518722/	pla-del-bon-repos-la-goleta-san-anton	raval-roig-virgen-del-socorro	99000	2	126	0	no	calle	 virgen del socorro	52
102915469	https://www.idealista.com/inmueble/102915469/	pla-del-bon-repos-la-goleta-san-anton	raval-roig-virgen-del-socorro	236895	3	85	9	yes	calle	 de la virgen del socorro	
102561207	https://www.idealista.com/inmueble/102561207/	pla-del-bon-repos-la-goleta-san-anton	raval-roig-virgen-del-socorro	435000	6	190	1	no			
99163942	https://www.idealista.com/inmueble/99163942/	pla-del-bon-repos-la-goleta-san-anton	raval-roig-virgen-del-socorro	275000	2	70	4	yes	calle	 virgen del socorro	50
102938877	https://www.idealista.com/inmueble/102938877/	pla-del-bon-repos-la-goleta-san-anton	raval-roig-virgen-del-socorro	1495000	4	150	7	yes			
101591357	https://www.idealista.com/inmueble/101591357/	pla-del-bon-repos-la-goleta-san-anton	raval-roig-virgen-del-socorro	144500	1	58	4	yes	avenida	 denia	
102222573	https://www.idealista.com/inmueble/102222573/	pla-del-bon-repos-la-goleta-san-anton	raval-roig-virgen-del-socorro	183200	3	62	14	yes			
103019749	https://www.idealista.com/inmueble/103019749/	pla-del-bon-repos-la-goleta-san-anton	raval-roig-virgen-del-socorro	250000	2	98	6	yes			
100680499	https://www.idealista.com/inmueble/100680499/	pla-del-bon-repos-la-goleta-san-anton	raval-roig-virgen-del-socorro	320000	3	130			calle	 madrid	45
103245781	https://www.idealista.com/inmueble/103245781/	pla-del-bon-repos-la-goleta-san-anton	raval-roig-virgen-del-socorro	250000	2	90	3	yes	avenida	 denia	13
102393750	https://www.idealista.com/inmueble/102393750/	pla-del-bon-repos-la-goleta-san-anton	raval-roig-virgen-del-socorro	150000	3	60	0		calle	 san cayetano	
103084806	https://www.idealista.com/inmueble/103084806/	pla-del-bon-repos-la-goleta-san-anton	raval-roig-virgen-del-socorro	260000	3	115	1	yes	calle	 de la virgen del socorro	
103348566	https://www.idealista.com/inmueble/103348566/	pla-del-bon-repos-la-goleta-san-anton	raval-roig-virgen-del-socorro	255000	3	147	3	yes	avenida	 de denia	13
100010426	https://www.idealista.com/inmueble/100010426/	pla-del-bon-repos-la-goleta-san-anton	raval-roig-virgen-del-socorro	185000	3	134	5	yes			62
103170357	https://www.idealista.com/inmueble/103170357/	pla-del-bon-repos-la-goleta-san-anton	raval-roig-virgen-del-socorro	198500	3	100	1	yes	calle	 de la mare de déu del socors	
101456479	https://www.idealista.com/inmueble/101456479/	pla-del-bon-repos-la-goleta-san-anton	raval-roig-virgen-del-socorro	240000	3	95	2	yes	calle	 de la virgen del socorro	57
102655487	https://www.idealista.com/inmueble/102655487/	pla-del-bon-repos-la-goleta-san-anton	raval-roig-virgen-del-socorro	145000	1	60	4	yes	avenida	 de dénia	
102444129	https://www.idealista.com/inmueble/102444129/	pla-del-bon-repos-la-goleta-san-anton	raval-roig-virgen-del-socorro	200000	3	85	3	no	avenida	 denia	25
102431086	https://www.idealista.com/inmueble/102431086/	pla-del-bon-repos-la-goleta-san-anton	raval-roig-virgen-del-socorro	240000	3	92	2	yes	calle	 virgen del socorro	
103092861	https://www.idealista.com/inmueble/103092861/	pla-del-bon-repos-la-goleta-san-anton	raval-roig-virgen-del-socorro	295000	3	115	1	yes	calle	 de la virgen del socorro	
99258274	https://www.idealista.com/inmueble/99258274/	pla-del-bon-repos-la-goleta-san-anton	raval-roig-virgen-del-socorro	260000	2	80	2	yes	calle	 virgen del socorro	61
102793685	https://www.idealista.com/inmueble/102793685/	pla-del-bon-repos-la-goleta-san-anton	raval-roig-virgen-del-socorro	390000	3	115	4	yes			
100443455	https://www.idealista.com/inmueble/100443455/	pla-del-bon-repos-la-goleta-san-anton	raval-roig-virgen-del-socorro	150000	3	89	0	no	calle	 san cayetano	9
102493383	https://www.idealista.com/inmueble/102493383/	pla-del-bon-repos-la-goleta-san-anton	raval-roig-virgen-del-socorro	145000	1	48	0	yes	calle	 de la virgen del socorro	
99840185	https://www.idealista.com/inmueble/99840185/	pla-del-bon-repos-la-goleta-san-anton	raval-roig-virgen-del-socorro	460000	5	160			calle	 de jovellanos	
103140630	https://www.idealista.com/inmueble/103140630/	pla-del-bon-repos-la-goleta-san-anton	raval-roig-virgen-del-socorro	215000	3	100	1	yes	calle	 de la virgen del socorro	
102983611	https://www.idealista.com/inmueble/102983611/	pla-del-bon-repos-la-goleta-san-anton	raval-roig-virgen-del-socorro	236900	3	85	9	yes			
102539709	https://www.idealista.com/inmueble/102539709/	pla-del-bon-repos-la-goleta-san-anton	raval-roig-virgen-del-socorro	285000	2	130					
101751307	https://www.idealista.com/inmueble/101751307/	pla-del-bon-repos-la-goleta-san-anton	raval-roig-virgen-del-socorro	195000	3	97	1	yes	calle	 de la virgen del socorro	50
101283552	https://www.idealista.com/inmueble/101283552/	pla-del-bon-repos-la-goleta-san-anton	raval-roig-virgen-del-socorro	191000	3	115	1	yes			
103140372	https://www.idealista.com/inmueble/103140372/	pla-del-bon-repos-la-goleta-san-anton	raval-roig-virgen-del-socorro	195000	3	85	1	yes	calle	 de la virgen del socorro	
101578883	https://www.idealista.com/inmueble/101578883/	pla-del-bon-repos-la-goleta-san-anton	raval-roig-virgen-del-socorro	144500	1	58	4	yes			
103326933	https://www.idealista.com/inmueble/103326933/	pla-del-bon-repos-la-goleta-san-anton	raval-roig-virgen-del-socorro	197000	3	127	1	yes			
102206495	https://www.idealista.com/inmueble/102206495/	pla-del-bon-repos-la-goleta-san-anton	raval-roig-virgen-del-socorro	223000	3	102	1	yes			
101584854	https://www.idealista.com/inmueble/101584854/	pla-del-bon-repos-la-goleta-san-anton	raval-roig-virgen-del-socorro	148900	1	75	3	yes			
102550323	https://www.idealista.com/inmueble/102550323/	pla-del-bon-repos-la-goleta-san-anton	raval-roig-virgen-del-socorro	895000	4	210	11	yes	calle	 de la virgen del socorro. raval roig-virgen del socorro	
100812875	https://www.idealista.com/inmueble/100812875/	pla-del-bon-repos-la-goleta-san-anton	raval-roig-virgen-del-socorro	295000	3	130					
100789332	https://www.idealista.com/inmueble/100789332/	pla-del-bon-repos-la-goleta-san-anton	raval-roig-virgen-del-socorro	240000	3	92	2	yes	calle	 de la virgen del socorro	57
92882753	https://www.idealista.com/inmueble/92882753/	pla-del-bon-repos-la-goleta-san-anton	raval-roig-virgen-del-socorro	130000	2	66	0				
102520880	https://www.idealista.com/inmueble/102520880/	pla-del-bon-repos-la-goleta-san-anton	pla-del-bon-repos-la-goteta	102000	3	81	1	no	calle	 del arquitecto vidal	29
103246263	https://www.idealista.com/inmueble/103246263/	pla-del-bon-repos-la-goleta-san-anton	pla-del-bon-repos-la-goteta	126000	2	109	2	yes			3
102524848	https://www.idealista.com/inmueble/102524848/	pla-del-bon-repos-la-goleta-san-anton	pla-del-bon-repos-la-goteta	130000	3	87		no	calle	 general elizaicin	
103274839	https://www.idealista.com/inmueble/103274839/	pla-del-bon-repos-la-goleta-san-anton	raval-roig-virgen-del-socorro	94000	3	59	3	no	avenida	 del padre esplá	
103107953	https://www.idealista.com/inmueble/103107953/	pla-del-bon-repos-la-goleta-san-anton	pla-del-bon-repos-la-goteta	87000	2	68	1	yes	calle	 maestro luis torregrosa	
102910481	https://www.idealista.com/inmueble/102910481/	pla-del-bon-repos-la-goleta-san-anton	pla-del-bon-repos-la-goteta	159000	3	95	2	yes	avenida	 del padre espla	
102233492	https://www.idealista.com/inmueble/102233492/	pla-del-bon-repos-la-goleta-san-anton	pla-del-bon-repos-la-goteta	115000	2	80		no	avenida	 de padre espla	
102927150	https://www.idealista.com/inmueble/102927150/	pla-del-bon-repos-la-goleta-san-anton	pla-del-bon-repos-la-goteta	89000	2	51	5	no	calle	 enrique monsonís domingo	
102675040	https://www.idealista.com/inmueble/102675040/	pla-del-bon-repos-la-goleta-san-anton	pla-del-bon-repos-la-goteta	92500	3	73	1	no	calle	 río amadorio	
102331713	https://www.idealista.com/inmueble/102331713/	pla-del-bon-repos-la-goleta-san-anton	pla-del-bon-repos-la-goteta	136000	3	92	0	no	calle	 san ignacio loyola	28
103285393	https://www.idealista.com/inmueble/103285393/	pla-del-bon-repos-la-goleta-san-anton	pla-del-bon-repos-la-goteta	129900	4	83	2	yes			
102639488	https://www.idealista.com/inmueble/102639488/	pla-del-bon-repos-la-goleta-san-anton	pla-del-bon-repos-la-goteta	83000	2	55	1	no	calle	 del maestro luis torregrosa	
103095995	https://www.idealista.com/inmueble/103095995/	pla-del-bon-repos-la-goleta-san-anton	pla-del-bon-repos-la-goteta	143900	2	88	5	yes	avenida	 padre espla	
102798755	https://www.idealista.com/inmueble/102798755/	pla-del-bon-repos-la-goleta-san-anton	pla-del-bon-repos-la-goteta	107000	3	100	1	no	calle	 san ignacio loyola	
102968151	https://www.idealista.com/inmueble/102968151/	pla-del-bon-repos-la-goleta-san-anton	pla-del-bon-repos-la-goteta	94500	3	67	2	no	calle	 del arquitecto vidal	1
103124350	https://www.idealista.com/inmueble/103124350/	pla-del-bon-repos-la-goleta-san-anton	pla-del-bon-repos-la-goteta	191000	4	133	1	yes	calle	 de haroldo parres	
99443157	https://www.idealista.com/inmueble/99443157/	pla-del-bon-repos-la-goleta-san-anton	pla-del-bon-repos-la-goteta	83630	2	71	4	no			7
103091192	https://www.idealista.com/inmueble/103091192/	pla-del-bon-repos-la-goleta-san-anton	pla-del-bon-repos-la-goteta	128500	3	57		yes	avenida	 del padre espla	
102955317	https://www.idealista.com/inmueble/102955317/	pla-del-bon-repos-la-goleta-san-anton	pla-del-bon-repos-la-goteta	97000	2	50	3	no	calle	 béjar	
102989488	https://www.idealista.com/inmueble/102989488/	pla-del-bon-repos-la-goleta-san-anton	pla-del-bon-repos-la-goteta	150000	1	105	5	yes	calle	 del ingeniero canales	2
99298375	https://www.idealista.com/inmueble/99298375/	pla-del-bon-repos-la-goleta-san-anton	pla-del-bon-repos-la-goteta	128000	3	75	5	yes	calle	 huesca	
103352950	https://www.idealista.com/inmueble/103352950/	pla-del-bon-repos-la-goleta-san-anton	pla-del-bon-repos-la-goteta	129900	4	99	2	yes			
102000860	https://www.idealista.com/inmueble/102000860/	pla-del-bon-repos-la-goleta-san-anton	pla-del-bon-repos-la-goteta	129000	2	46		no			
91351170	https://www.idealista.com/inmueble/91351170/	pla-del-bon-repos-la-goleta-san-anton	pla-del-bon-repos-la-goteta	89000	2	65	3	yes	calle	 maestro luis torregrosa	4
103012631	https://www.idealista.com/inmueble/103012631/	pla-del-bon-repos-la-goleta-san-anton	pla-del-bon-repos-la-goteta	135000	3	70	1	no	avenida	 del padre espla	43
97016489	https://www.idealista.com/inmueble/97016489/	pla-del-bon-repos-la-goleta-san-anton	pla-del-bon-repos-la-goteta	95000	2	53	0	yes	calle	 fiscal miguel gutiérrez carbonell	
103383783	https://www.idealista.com/inmueble/103383783/	pla-del-bon-repos-la-goleta-san-anton	pla-del-bon-repos-la-goteta	70000	2	38	5	yes	calle	 maestro luis torregrosa	17
95398558	https://www.idealista.com/inmueble/95398558/	pla-del-bon-repos-la-goleta-san-anton	pla-del-bon-repos-la-goteta	95999	3	100	0	no	calle	 san benito	30
101998283	https://www.idealista.com/inmueble/101998283/	pla-del-bon-repos-la-goleta-san-anton	pla-del-bon-repos-la-goteta	128000	4	80	3	yes	calle	 de haroldo parres	7
102742140	https://www.idealista.com/inmueble/102742140/	pla-del-bon-repos-la-goleta-san-anton	pla-del-bon-repos-la-goteta	87000	1	60	3	yes	calle	 enrique pérez cascales	4
102548694	https://www.idealista.com/inmueble/102548694/	pla-del-bon-repos-la-goleta-san-anton	pla-del-bon-repos-la-goteta	95000	2	65	6	yes			
102669470	https://www.idealista.com/inmueble/102669470/	pla-del-bon-repos-la-goleta-san-anton	pla-del-bon-repos-la-goteta	101000	3	70	3	no			
101937858	https://www.idealista.com/inmueble/101937858/	pla-del-bon-repos-la-goleta-san-anton	pla-del-bon-repos-la-goteta	131000	3	78	1	no			
101598632	https://www.idealista.com/inmueble/101598632/	pla-del-bon-repos-la-goleta-san-anton	pla-del-bon-repos-la-goteta	98900	3	100	2				
96927186	https://www.idealista.com/inmueble/96927186/	pla-del-bon-repos-la-goleta-san-anton	pla-del-bon-repos-la-goteta	88000	2	79	5	no	calle	 enrique monsonís domingo	62
103131263	https://www.idealista.com/inmueble/103131263/	pla-del-bon-repos-la-goleta-san-anton	pla-del-bon-repos-la-goteta	85000	3	89	3	no	calle	 de sant mateu	
102549163	https://www.idealista.com/inmueble/102549163/	pla-del-bon-repos-la-goleta-san-anton	pla-del-bon-repos-la-goteta	125000	3	81	1	no			
101288964	https://www.idealista.com/inmueble/101288964/	pla-del-bon-repos-la-goleta-san-anton	pla-del-bon-repos-la-goteta	99000	3	94	4	no			
102916687	https://www.idealista.com/inmueble/102916687/	pla-del-bon-repos-la-goleta-san-anton	pla-del-bon-repos-la-goteta	142700	4	139	1	no			14
103115292	https://www.idealista.com/inmueble/103115292/	pla-del-bon-repos-la-goleta-san-anton	pla-del-bon-repos-la-goteta	56800	2	62	7	no			
102796639	https://www.idealista.com/inmueble/102796639/	pla-del-bon-repos-la-goleta-san-anton	pla-del-bon-repos-la-goteta	49000	1	64	3	no			31
102828368	https://www.idealista.com/inmueble/102828368/	pla-del-bon-repos-la-goleta-san-anton	pla-del-bon-repos-la-goteta	94700	4	117	1	no			51
98799553	https://www.idealista.com/inmueble/98799553/	pla-del-bon-repos-la-goleta-san-anton	pla-del-bon-repos-la-goteta	15000	3	50	2	no			
31791317	https://www.idealista.com/inmueble/31791317/	pla-del-bon-repos-la-goleta-san-anton	pla-del-bon-repos-la-goteta	265000	3	140	8	yes			
32380776	https://www.idealista.com/inmueble/32380776/	pla-del-bon-repos-la-goleta-san-anton	pla-del-bon-repos-la-goteta	132000	3	75	5	yes	calle	 huesca	4
102678201	https://www.idealista.com/inmueble/102678201/	pla-del-bon-repos-la-goleta-san-anton	pla-del-bon-repos-la-goteta	72000	3	110	4	no			
103387951	https://www.idealista.com/inmueble/103387951/	pla-del-bon-repos-la-goleta-san-anton	pla-del-bon-repos-la-goteta	134900	3	75	5	yes			
102097917	https://www.idealista.com/inmueble/102097917/	pla-del-bon-repos-la-goleta-san-anton	pla-del-bon-repos-la-goteta	119000	3	90	1	no			
101533351	https://www.idealista.com/inmueble/101533351/	pla-del-bon-repos-la-goleta-san-anton	pla-del-bon-repos-la-goteta	95000	3	103	2	no	calle	 antonio maura	18
103077625	https://www.idealista.com/inmueble/103077625/	pla-del-bon-repos-la-goleta-san-anton	pla-del-bon-repos-la-goteta	127000	2	51	1	no			
102486874	https://www.idealista.com/inmueble/102486874/	pla-del-bon-repos-la-goleta-san-anton	pla-del-bon-repos-la-goteta	169900	3	112	5	yes			
100871689	https://www.idealista.com/inmueble/100871689/	pla-del-bon-repos-la-goleta-san-anton	pla-del-bon-repos-la-goteta	107000	2	80	4	no	calle	 doña dolsa	
103240837	https://www.idealista.com/inmueble/103240837/	pla-del-bon-repos-la-goleta-san-anton	pla-del-bon-repos-la-goteta	105000	2	75	0	yes	avenida	 del padre esplá	
102256027	https://www.idealista.com/inmueble/102256027/	pla-del-bon-repos-la-goleta-san-anton	pla-del-bon-repos-la-goteta	136300	3	98		no	calle	 san ignacio loyola	
103127278	https://www.idealista.com/inmueble/103127278/	pla-del-bon-repos-la-goleta-san-anton	pla-del-bon-repos-la-goteta	99500	3	95	5	no			s/n
103406864	https://www.idealista.com/inmueble/103406864/	pla-del-bon-repos-la-goleta-san-anton	pla-del-bon-repos-la-goteta	92000	2	73	3	yes	calle	 huesca	4
102861068	https://www.idealista.com/inmueble/102861068/	pla-del-bon-repos-la-goleta-san-anton	pla-del-bon-repos-la-goteta	105000	3	121	1	no	avenida	 denia	
102294535	https://www.idealista.com/inmueble/102294535/	pla-del-bon-repos-la-goleta-san-anton	pla-del-bon-repos-la-goteta	120000	3	110	3	no	calle	 san benito	
102129847	https://www.idealista.com/inmueble/102129847/	pla-del-bon-repos-la-goleta-san-anton	pla-del-bon-repos-la-goteta	78000	2	69	4	no	calle	 virgen de las injurias	
101132926	https://www.idealista.com/inmueble/101132926/	pla-del-bon-repos-la-goleta-san-anton	pla-del-bon-repos-la-goteta	155000	3	95	4				
103099932	https://www.idealista.com/inmueble/103099932/	pla-del-bon-repos-la-goleta-san-anton	pla-del-bon-repos-la-goteta	169000	5	145	4	yes			
103043758	https://www.idealista.com/inmueble/103043758/	pla-del-bon-repos-la-goleta-san-anton	pla-del-bon-repos-la-goteta	95000	3	85	2	no	calle	 antonio maura	
96545628	https://www.idealista.com/inmueble/96545628/	pla-del-bon-repos-la-goleta-san-anton	pla-del-bon-repos-la-goteta	189000	3	100	1	yes	calle	 del arquitecto vidal	
101008356	https://www.idealista.com/inmueble/101008356/	pla-del-bon-repos-la-goleta-san-anton	pla-del-bon-repos-la-goteta	99000	3	94	4	no			
102425195	https://www.idealista.com/inmueble/102425195/	pla-del-bon-repos-la-goleta-san-anton	pla-del-bon-repos-la-goteta	129000	3	79	1	no			
101294924	https://www.idealista.com/inmueble/101294924/	pla-del-bon-repos-la-goleta-san-anton	pla-del-bon-repos-la-goteta	99500	3	81	2	no			
102093507	https://www.idealista.com/inmueble/102093507/	pla-del-bon-repos-la-goleta-san-anton	pla-del-bon-repos-la-goteta	114000	3	90	1	no			
101195805	https://www.idealista.com/inmueble/101195805/	pla-del-bon-repos-la-goleta-san-anton	pla-del-bon-repos-la-goteta	119900	1	49	0	no	calle	 turina 1 s/n	s/n
103075958	https://www.idealista.com/inmueble/103075958/	pla-del-bon-repos-la-goleta-san-anton	pla-del-bon-repos-la-goteta	90000	2	65	1	yes			
92322626	https://www.idealista.com/inmueble/92322626/	pla-del-bon-repos-la-goleta-san-anton	pla-del-bon-repos-la-goteta	149000	3	120	3	no	calle	 doctor nieto	
99944328	https://www.idealista.com/inmueble/99944328/	pla-del-bon-repos-la-goleta-san-anton	pla-del-bon-repos-la-goteta	172000	3	75	2	yes	calle	 ingeniero canales	41
100268030	https://www.idealista.com/inmueble/100268030/	pla-del-bon-repos-la-goleta-san-anton	pla-del-bon-repos-la-goteta	94900	2	69	1	no	calle	 algar	
102916745	https://www.idealista.com/inmueble/102916745/	pla-del-bon-repos-la-goleta-san-anton	pla-del-bon-repos-la-goteta	64500	3	57	4	no			
103129916	https://www.idealista.com/inmueble/103129916/	pla-del-bon-repos-la-goleta-san-anton	pla-del-bon-repos-la-goteta	94000	3	72	3	no			1
98697045	https://www.idealista.com/inmueble/98697045/	pla-del-bon-repos-la-goleta-san-anton	pla-del-bon-repos-la-goteta	99000	3	101	4	no			
102476847	https://www.idealista.com/inmueble/102476847/	pla-del-bon-repos-la-goleta-san-anton	pla-del-bon-repos-la-goteta	220000	3	110	0	yes			
103016676	https://www.idealista.com/inmueble/103016676/	pla-del-bon-repos-la-goleta-san-anton	pla-del-bon-repos-la-goteta	121000	2	69		yes			
97473859	https://www.idealista.com/inmueble/97473859/	pla-del-bon-repos-la-goleta-san-anton	pla-del-bon-repos-la-goteta	91000	2	72	5	no			
99961118	https://www.idealista.com/inmueble/99961118/	pla-del-bon-repos-la-goleta-san-anton	pla-del-bon-repos-la-goteta	220000	3	108	0	no	calle	 doctor sapena	
99766420	https://www.idealista.com/inmueble/99766420/	pla-del-bon-repos-la-goleta-san-anton	pla-del-bon-repos-la-goteta	157000	5	46		yes			
99479241	https://www.idealista.com/inmueble/99479241/	pla-del-bon-repos-la-goleta-san-anton	pla-del-bon-repos-la-goteta	215000	3	111	2	no	calle	 antonio maura	
101117382	https://www.idealista.com/inmueble/101117382/	pla-del-bon-repos-la-goleta-san-anton	pla-del-bon-repos-la-goteta	168000	4	90	4	no	calle	 general elizaicin s/n	s/n
102991567	https://www.idealista.com/inmueble/102991567/	pla-del-bon-repos-la-goleta-san-anton	pla-del-bon-repos-la-goteta	148000	4	83	2	yes	calle	 rio seco	
103327809	https://www.idealista.com/inmueble/103327809/	pla-del-bon-repos-la-goleta-san-anton	pla-del-bon-repos-la-goteta	156000	4	119	3	no	calle	 barcelona	
102481066	https://www.idealista.com/inmueble/102481066/	pla-del-bon-repos-la-goleta-san-anton	pla-del-bon-repos-la-goteta	220000	3	130					
102214248	https://www.idealista.com/inmueble/102214248/	pla-del-bon-repos-la-goleta-san-anton	pla-del-bon-repos-la-goteta	119900	1	49	0	no			
102787865	https://www.idealista.com/inmueble/102787865/	pla-del-bon-repos-la-goleta-san-anton	pla-del-bon-repos-la-goteta	185000	3	119	1	yes			
102499722	https://www.idealista.com/inmueble/102499722/	pla-del-bon-repos-la-goleta-san-anton	pla-del-bon-repos-la-goteta	180000	4	105	3	yes	avenida	 del padre espla	
103213121	https://www.idealista.com/inmueble/103213121/	pla-del-bon-repos-la-goleta-san-anton	pla-del-bon-repos-la-goteta	88000	2	58	4	no	calle	 béjar	4
103093651	https://www.idealista.com/inmueble/103093651/	pla-del-bon-repos-la-goleta-san-anton	pla-del-bon-repos-la-goteta	155000	3	119	2	no			
102884834	https://www.idealista.com/inmueble/102884834/	pla-del-bon-repos-la-goleta-san-anton	pla-del-bon-repos-la-goteta	225000	3	111	2	no			
95106267	https://www.idealista.com/inmueble/95106267/	pla-del-bon-repos-la-goleta-san-anton	pla-del-bon-repos-la-goteta	198000	3	115	2	yes	calle	 del doctor ayela	
96044431	https://www.idealista.com/inmueble/96044431/	pla-del-bon-repos-la-goleta-san-anton	pla-del-bon-repos-la-goteta	185000	4	127	2	yes			
103043998	https://www.idealista.com/inmueble/103043998/	pla-del-bon-repos-la-goleta-san-anton	pla-del-bon-repos-la-goteta	92000	2	72	4	no			1
102059733	https://www.idealista.com/inmueble/102059733/	pla-del-bon-repos-la-goleta-san-anton	pla-del-bon-repos-la-goteta	94500	3	66	2	no	calle	 del arquitecto vidal	
102867389	https://www.idealista.com/inmueble/102867389/	pla-del-bon-repos-la-goleta-san-anton	pla-del-bon-repos-la-goteta	183000	3	127	7	yes	avenida	 periodista rodolfo de salazar	
103373654	https://www.idealista.com/inmueble/103373654/	pla-del-bon-repos-la-goleta-san-anton	pla-del-bon-repos-la-goteta	145000	3	80	2	yes	calle	 fiscal miguel gutiérrez carbonell	
102118488	https://www.idealista.com/inmueble/102118488/	pla-del-bon-repos-la-goleta-san-anton	pla-del-bon-repos-la-goteta	75000	3	83	2	no	calle	 inmaculada del pla	
102970526	https://www.idealista.com/inmueble/102970526/	pla-del-bon-repos-la-goleta-san-anton	pla-del-bon-repos-la-goteta	157000	4	110	2	no	calle	 barcelona	
103389309	https://www.idealista.com/inmueble/103389309/	pla-del-bon-repos-la-goleta-san-anton	pla-del-bon-repos-la-goteta	135000	3	90	5	yes			
103052424	https://www.idealista.com/inmueble/103052424/	pla-del-bon-repos-la-goleta-san-anton	pla-del-bon-repos-la-goteta	195000	3	105	12	yes	avenida	 del padre espla	25
99205141	https://www.idealista.com/inmueble/99205141/	pla-del-bon-repos-la-goleta-san-anton	pla-del-bon-repos-la-goteta	170000	4	140	1	no	avenida	 de dénia	45
102406871	https://www.idealista.com/inmueble/102406871/	pla-del-bon-repos-la-goleta-san-anton	pla-del-bon-repos-la-goteta	111000	2	65	1	no	calle	 del arquitecto vidal	5
103425146	https://www.idealista.com/inmueble/103425146/	pla-del-bon-repos-la-goleta-san-anton	pla-del-bon-repos-la-goteta	130000	2	82	4	yes	calle	 impresor fernandez planelles	9
103416458	https://www.idealista.com/inmueble/103416458/	pla-del-bon-repos-la-goleta-san-anton	pla-del-bon-repos-la-goteta	225000	3	111	2	no	calle	 antonio maura	17
102651472	https://www.idealista.com/inmueble/102651472/	pla-del-bon-repos-la-goleta-san-anton	pla-del-bon-repos-la-goteta	129000	3	71		no			
103271662	https://www.idealista.com/inmueble/103271662/	pla-del-bon-repos-la-goleta-san-anton	pla-del-bon-repos-la-goteta	160000	3	80	4	yes	calle	 del ingeniero canales	41
102281014	https://www.idealista.com/inmueble/102281014/	pla-del-bon-repos-la-goleta-san-anton	pla-del-bon-repos-la-goteta	129000	3	78	6	yes	avenida	 del padre espla	49
102473720	https://www.idealista.com/inmueble/102473720/	pla-del-bon-repos-la-goleta-san-anton	pla-del-bon-repos-la-goteta	186000	2	87	4	yes	calle	 turina	2
102629304	https://www.idealista.com/inmueble/102629304/	pla-del-bon-repos-la-goleta-san-anton	pla-del-bon-repos-la-goteta	110000	2	75	0	no	calle	 celia valls	2
103290715	https://www.idealista.com/inmueble/103290715/	pla-del-bon-repos-la-goleta-san-anton	pla-del-bon-repos-la-goteta	105000	3	80	2	no	calle	 virgen de las injurias	
103410337	https://www.idealista.com/inmueble/103410337/	pla-del-bon-repos-la-goleta-san-anton	pla-del-bon-repos-la-goteta	120000	3	71	5	yes	calle	 inmaculada del pla	
103393439	https://www.idealista.com/inmueble/103393439/	pla-del-bon-repos-la-goleta-san-anton	pla-del-bon-repos-la-goteta	139000	3	70	1	no	calle	 algar	
101714948	https://www.idealista.com/inmueble/101714948/	pla-del-bon-repos-la-goleta-san-anton	pla-del-bon-repos-la-goteta	198000	3	112	12	yes	avenida	 de denia	45
101319381	https://www.idealista.com/inmueble/101319381/	pla-del-bon-repos-la-goleta-san-anton	pla-del-bon-repos-la-goteta	110000	1	50	3	no	calle	 virgen de la paloma	5
101745416	https://www.idealista.com/inmueble/101745416/	pla-del-bon-repos-la-goleta-san-anton	pla-del-bon-repos-la-goteta	229900	4	162	1	yes			6
100685868	https://www.idealista.com/inmueble/100685868/	pla-del-bon-repos-la-goleta-san-anton	pla-del-bon-repos-la-goteta	195000	3	95	3	no	calle	 del arquitecto vidal	7
103282455	https://www.idealista.com/inmueble/103282455/	pla-del-bon-repos-la-goleta-san-anton	pla-del-bon-repos-la-goteta	129000	4	83	2	yes			
102975951	https://www.idealista.com/inmueble/102975951/	pla-del-bon-repos-la-goleta-san-anton	pla-del-bon-repos-la-goteta	176000	2	87	3	yes	calle	 turina	
101460133	https://www.idealista.com/inmueble/101460133/	pla-del-bon-repos-la-goleta-san-anton	pla-del-bon-repos-la-goteta	108000	3	80	1	no	calle	 de miguel jiménez reyes	24
95720608	https://www.idealista.com/inmueble/95720608/	pla-del-bon-repos-la-goleta-san-anton	pla-del-bon-repos-la-goteta	414000	4	195			calle	 san benito	
103310436	https://www.idealista.com/inmueble/103310436/	pla-del-bon-repos-la-goleta-san-anton	pla-del-bon-repos-la-goteta	85000	1	115	0	no			
102346687	https://www.idealista.com/inmueble/102346687/	pla-del-bon-repos-la-goleta-san-anton	pla-del-bon-repos-la-goteta	147000	4	115	1	yes	calle	 impresor fernandez planelles	
98832370	https://www.idealista.com/inmueble/98832370/	pla-del-bon-repos-la-goleta-san-anton	pla-del-bon-repos-la-goteta	164000	4	105	5	yes	calle	 general elizaicin	
102666519	https://www.idealista.com/inmueble/102666519/	pla-del-bon-repos-la-goleta-san-anton	pla-del-bon-repos-la-goteta	94000	3	65	3	no	avenida	 del padre espla	
